Scene_ID,Tomb_ID,Appellation,Location_ID,"Site, Cemetery",Chronology_ID,Date Start,Date End,Main_Reference
1,1,Tomb H 9,1,"Abu Rawash, West. Cem. H.",6,,,"Bisson de la Roque, Abou-Roasch I (1924), pp. 31-2, pl. xviii [2, right] (doubtful)."
1,1,Tomb H 9,1,"Abu Rawash, West. Cem. H.",6,,,PM III. 8.
2,2,Sekhemka,2,"Giza, WF",22,"Wenis, 5","Wenis, 5","Simpson, Western Cemetery I (1980), p. 4, pl. vi [a, b], fig. 6."
2,2,Sekhemka,2,"Giza, WF",22,"Wenis, 5","Wenis, 5",PM III. 53 [3] n.r.
3,3,Redi,2,"Giza, WF",17,"Niuserre, 5","Djedkare Izezy, 5","Roth, Palace Attendants (1995), p. 72, pls. 16, 140."
3,3,Redi,2,"Giza, WF",17,"Niuserre, 5","Djedkare Izezy, 5",PM III. n.r.
4,4,Kakhent,2,"Giza, WF",18,"Niuserre, 5","Wenis, 5","Roth, Palace Attendants (1995), p. 88-9, pls. 28, 147."
4,4,Kakhent,2,"Giza, WF",18,"Niuserre, 5","Wenis, 5",PM III. 69 n.r.
5,5,Kapi,2,"Giza, WF",25,"Wenis, 5","Teti, 6","Roth, Palace Attendants (1995), p. 102, pls. 50, 52 [b], 163."
5,5,Kapi,2,"Giza, WF",25,"Wenis, 5","Teti, 6",PM III. 70 [5].
6,6,Zaib,2,"Giza, WF",18,"Niuserre, 5","Wenis, 5","Roth, Palace Attendants (1995), p. 110, pls. 68 [d], 174."
6,6,Zaib,2,"Giza, WF",18,"Niuserre, 5","Wenis, 5",PM III. 70 n.r.
7,7,Nimaatre,2,"Giza, WF",25,"Wenis, 5","Teti, 6","Roth, Palace Attendants (1995), p. 131, pls. 92, 187."
7,7,Nimaatre,2,"Giza, WF",25,"Wenis, 5","Teti, 6",PM III. 70 n.r.
8,8,Kahif,2,"Giza, WF",33,"Merenre, 6","Pepy II, 6","Junker, Gîza VI (1943), pp. 121, 123-6, Abb. 38 [b]."
8,8,Kahif,2,"Giza, WF",33,"Merenre, 6","Pepy II, 6",PM III. 76 [4].
9,9,Akhmerutnesut,2,"Giza, WF",25,"Wenis, 5","Teti, 6","Smith, HESPOK (1946), p. 323, fig. 198."
9,9,Akhmerutnesut,2,"Giza, WF",25,"Wenis, 5","Teti, 6","D'Auria et al, Mummies and Magic (1988), p. 86."
9,9,Akhmerutnesut,2,"Giza, WF",25,"Wenis, 5","Teti, 6",PM III. 81 [7].
10,10,Iasen,2,"Giza, WF",29,"Teti, 6","Pepy I, 6","Simpson, Western Cemetery I (1980), p. 19, pls. xxxviii [a], xl [c], fig. 32."
10,10,Iasen,2,"Giza, WF",29,"Teti, 6","Pepy I, 6",PM III. 82 [3].
11,11,Nefermesdjerkhufu,2,"Giza, WF",22,"Wenis, 5","Wenis, 5","Roth, Palace Attendants (1995), pp. 164-5, pls. 125 [a] (part), 126 [a] (part), 205."
11,11,Nefermesdjerkhufu,2,"Giza, WF",22,"Wenis, 5","Wenis, 5",PM III. n.r.
12,12,Senedjemib Inti,2,"Giza, WF",20,"Djedkare Izezy, 5","Djedkare Izezy, 5","Brovarski, The Senedjemib Complex I (2001), p. 58, pl. 31 [a], fig. 52 [a]."
12,12,Senedjemib Inti,2,"Giza, WF",20,"Djedkare Izezy, 5","Djedkare Izezy, 5",PM III. 86 [13] n.r.
13,13,Senedjemib Mehi,2,"Giza, WF",22,"Wenis, 5","Wenis, 5","LD.  , II. 74 [c]."
13,13,Senedjemib Mehi,2,"Giza, WF",22,"Wenis, 5","Wenis, 5","Brovarski, The Senedjemib Complex I (2001), p. 150, figs. 118 [b], 119."
13,13,Senedjemib Mehi,2,"Giza, WF",22,"Wenis, 5","Wenis, 5",PM III. 88 [7].
14,14,Khnumhotep II,2,"Giza, WF",8,"Weserkaf, 5","Neferirkare, 5","Junker, Gîza IX (1950), pp. 208-9, Abb. 94."
14,14,Khnumhotep II,2,"Giza, WF",8,"Weserkaf, 5","Neferirkare, 5",PM III. 105 [2] n.r.
15,15,Kaiemankh,2,"Giza, WF",28,"Teti, 6","Teti, 6","Junker, Gîza IV (1940), pp. 38-40, Abb. 9 facing p. 36, Taf. i [b] (part)."
15,15,Kaiemankh,2,"Giza, WF",28,"Teti, 6","Teti, 6","Kanawati, Giza I (2001), pp. 33-4, pls. 9 [c], 10 [a, b] (details), 32, 33 (detail)."
15,15,Kaiemankh,2,"Giza, WF",28,"Teti, 6","Teti, 6",PM III. 131 [7].
16,15,Kaiemankh,2,"Giza, WF",28,"Teti, 6","Teti, 6","Junker, Gîza IV (1940), pp. 86-7, Taf. xv."
16,15,Kaiemankh,2,"Giza, WF",28,"Teti, 6","Teti, 6","Kanawati, Giza I (2001), pp. 37-8, pls. 1 [d], 35."
16,15,Kaiemankh,2,"Giza, WF",28,"Teti, 6","Teti, 6",PM III. 132 [15].
17,16,Nefer I,2,"Giza, WF",25,"Wenis, 5","Teti, 6","Junker, Gîza VI (1943), pp. 57-8, Abb. 13."
17,16,Nefer I,2,"Giza, WF",25,"Wenis, 5","Teti, 6",PM III. 138 [5].
18,17,Seshemnefer II,2,"Giza, WF",15,"Niuserre, 5","Niuserre, 5","Kanawati, Giza II (2002), p. 59, pls. 26 [b], 64."
18,17,Seshemnefer II,2,"Giza, WF",15,"Niuserre, 5","Niuserre, 5",PM III. 146 [3].
19,18,Seshemnefer III,2,"Giza, WF",20,"Djedkare Izezy, 5","Djedkare Izezy, 5","Brunner-Traut, Seschemnofers III (1977), pp. 31-2, Bl. 4, Frontispiece, Farbtafel I, Taf. 27 [b]."
19,18,Seshemnefer III,2,"Giza, WF",20,"Djedkare Izezy, 5","Djedkare Izezy, 5",PM III. 154 [2].
20,19,Khemetnu,2,"Giza, WF",4,"Shepsekaf, 4","Shepsekaf, 4","Reisner, Giza I (1942), p. 330 [3]."
20,19,Khemetnu,2,"Giza, WF",4,"Shepsekaf, 4","Shepsekaf, 4",PM III. 155 [3].
21,20,Kaieswedja,2,"Giza, WF",4,"Shepsekaf, 4","Shepsekaf, 4","LD.  Erg. , xxviii [d]."
21,20,Kaieswedja,2,"Giza, WF",4,"Shepsekaf, 4","Shepsekaf, 4","Junker, Gîza VII (1944), pp. 171-3, Abb. 71, Taf. xxxv [b]."
21,20,Kaieswedja,2,"Giza, WF",4,"Shepsekaf, 4","Shepsekaf, 4",PM III. 159 [5].
22,21,Rawer I,2,"Giza, WF",21,"Djedkare Izezy, 5","Wenis, 5","LD.  Erg. , xxvi [a]."
22,21,Rawer I,2,"Giza, WF",21,"Djedkare Izezy, 5","Wenis, 5","Junker, Gîza III (1938), pp. 231-2, Abb. 47."
22,21,Rawer I,2,"Giza, WF",21,"Djedkare Izezy, 5","Wenis, 5",PM III. 162 [2].
23,22,Iymery,2,"Giza, WF",15,"Niuserre, 5","Niuserre, 5","LD.  , II. 52."
23,22,Iymery,2,"Giza, WF",15,"Niuserre, 5","Niuserre, 5","Weeks, Cem. G6000 (1994), p. 45, fig. 37, pls. 18 [a], 19 [a], 20 [b]."
23,22,Iymery,2,"Giza, WF",15,"Niuserre, 5","Niuserre, 5",PM III. 172-3 [8].
24,22,Iymery,2,"Giza, WF",15,"Niuserre, 5","Niuserre, 5","LD.  , II. 53 [a]."
24,22,Iymery,2,"Giza, WF",15,"Niuserre, 5","Niuserre, 5","Weeks, Cem. G6000 (1994), p. 53, fig. 43, pl. 29.."
24,22,Iymery,2,"Giza, WF",15,"Niuserre, 5","Niuserre, 5",PM III. 173-4 [13].
25,23,Shepseskafankh,2,"Giza, WF",12,"Neferirkare, 5","Neferirkare, 5","Weeks, Cem. G6000 (1994), p. 62, fig. 56, pls. 35 [b], 36 [b]."
25,23,Shepseskafankh,2,"Giza, WF",12,"Neferirkare, 5","Neferirkare, 5",PM III. 175 [4] n.r.
26,24,Idu,3,"Giza, EF",33,"Merenre, 6","Pepy II, 6","Simpson, Qar and Idu (1976), p. 24-5, pls. xxiv [b], xxv[a], xxvi [a, b], fig. 38."
26,24,Idu,3,"Giza, EF",33,"Merenre, 6","Pepy II, 6",PM III. 186 [5].
27,25,Meresankh III,3,"Giza, EF",4,"Shepsekaf, 4","Shepsekaf, 4","Dunham and Simpson, Mersyankh III (1974), pp. 5, 19, pl. xii [a], fig. 11."
27,25,Meresankh III,3,"Giza, EF",4,"Shepsekaf, 4","Shepsekaf, 4",PM III. 198-9 [12].
28,26,Ankhmare,3,"Giza, EF",22,"Wenis, 5","Wenis, 5","Reisner, Giza I (1942), pp. 351-2."
28,26,Ankhmare,3,"Giza, EF",22,"Wenis, 5","Wenis, 5","Pusch, Senet-Brettspiel I (1979), pp. 11-12, Taf. 2."
29,27,Rakhaefankh,3,"Giza, EF",2,"Khafre, 4","Niuserre, 4","LD.  , II. 10 [b]."
29,27,Rakhaefankh,3,"Giza, EF",2,"Khafre, 4","Niuserre, 4",PM III. 208 [3].
30,28,Nikaure,4,"Giza, CF",1,"Khafre, 4","Shepsekaf, 4","LD.  Erg. , xxxv [lower]."
30,28,Nikaure,4,"Giza, CF",1,"Khafre, 4","Shepsekaf, 4",PM III. 232 [1].
31,29,Debehen,4,"Giza, CF",3,"Menkaure, 4","Menkaure, 4","LD.  , II. 36 [c]."
31,29,Debehen,4,"Giza, CF",3,"Menkaure, 4","Menkaure, 4","Hassan, Gîza IV (1943), pp. 170-2, fig. 119, pl. xlix."
32,30,Nakhtka,4,"Giza, CF",18,"Niuserre, 5","Wenis, 5","Hassan, Gîza VII (1953), pp. 29-30, fig. 21, pl. xvii [c]."
32,30,Nakhtka,4,"Giza, CF",18,"Niuserre, 5","Wenis, 5",PM III. 240 [3].
33,31,Kadua,4,"Giza, CF",18,"Niuserre, 5","Wenis, 5","Hassan, Gîza VI [3] (1950), pp. 105-6, fig. 83, pls. xlvii, l."
33,31,Kadua,4,"Giza, CF",18,"Niuserre, 5","Wenis, 5",PM III. 245.
34,32,Kakaiankh,4,"Giza, CF",18,"Niuserre, 5","Wenis, 5","Hassan, Gîza VI [3] (1950), p. 114, fig. 99, pl. liv [a]."
34,32,Kakaiankh,4,"Giza, CF",18,"Niuserre, 5","Wenis, 5",PM III. 248 n.r.
35,33,Khuwiwer,4,"Giza, CF",21,"Djedkare Izezy, 5","Wenis, 5","LD.  Erg. , xxxviii [left]."
35,33,Khuwiwer,4,"Giza, CF",21,"Djedkare Izezy, 5","Wenis, 5","Hassan, Gîza V (1944), pp. 246-7, fig. 105."
36,34,Netjerpunisut,4,"Giza, CF",9,"Sahure, 5","Sahure, 5","Junker, Gîza III (1938), p. 51 [50]."
36,34,Netjerpunisut,4,"Giza, CF",9,"Sahure, 5","Sahure, 5",PM III. 278.
37,35,Khentkaus I,4,"Giza, CF",5,"Shepsekaf, 4","Weserkaf, 5","Hassan, Gîza IV (1943), p. 23 [30], fig. 30."
37,35,Khentkaus I,4,"Giza, CF",5,"Shepsekaf, 4","Weserkaf, 5",PM III. 289.
38,36,Khuenre,5,"Giza, Men. Cem.",3,"Menkaure, 4","Menkaure, 4","Reisner, Giza I (1942), pp. 347-8 [2]."
38,36,Khuenre,5,"Giza, Men. Cem.",3,"Menkaure, 4","Menkaure, 4","Smith,  HESPOK (1946), p. 171."
39,37,Ty,6,"Saqqara, NSP",19,"Menkauhor, 5","Djedkare Izezy, 5","Épron and Daumas, Ti Fasc. I (1939), pls. lvi, lvii [middle]."
39,37,Ty,6,"Saqqara, NSP",19,"Menkauhor, 5","Djedkare Izezy, 5",PM III. 471 [25].
40,37,Ty,6,"Saqqara, NSP",19,"Menkauhor, 5","Djedkare Izezy, 5","Wild, Ti Fasc. III [2] (1966), pls. cxl [A], clxii."
40,37,Ty,6,"Saqqara, NSP",19,"Menkauhor, 5","Djedkare Izezy, 5",PM III. 475 [38].
41,38,Kaemrehu,6,"Saqqara, NSP",20,"Djedkare Izezy, 5","Djedkare Izezy, 5","Mogensen, Le Mastaba égyptien (1921), pp. 6, 13-15, fig. 7, pl. v."
41,38,Kaemrehu,6,"Saqqara, NSP",20,"Djedkare Izezy, 5","Djedkare Izezy, 5",PM III. 486 [4].
42,39,Raemka,6,"Saqqara, NSP",17,"Niuserre, 5","Djedkare Izezy, 5","Smith, HESPOK (1946), p. 195."
42,39,Raemka,6,"Saqqara, NSP",17,"Niuserre, 5","Djedkare Izezy, 5","Hayes, The Scepter of Egypt I (1953), p. 98."
43,40,Meresankh IV,6,"Saqqara, NSP",21,"Djedkare Izezy, 5","Wenis, 5","Quibell, Excavations at Saqqara 1907-1908 (1909), p. 24 [908]."
43,40,Meresankh IV,6,"Saqqara, NSP",21,"Djedkare Izezy, 5","Wenis, 5",PM III. 488.
44,41,Rashepses,6,"Saqqara, NSP",20,"Djedkare Izezy, 5","Djedkare Izezy, 5","LD.  , II. 61 [a]."
44,41,Rashepses,6,"Saqqara, NSP",20,"Djedkare Izezy, 5","Djedkare Izezy, 5",PM III. 495 [7-8].
45,42,Nikauhor,6,"Saqqara, NSP",22,"Wenis, 5","Wenis, 5","Quibell, Excavations at Saqqara 1907-1908 (1909), pl. lxiv."
45,42,Nikauhor,6,"Saqqara, NSP",22,"Wenis, 5","Wenis, 5","Hayes, The Scepter of Egypt I (1953), p. 103, fig. 59"
46,42,Nikauhor,6,"Saqqara, NSP",22,"Wenis, 5","Wenis, 5","Quibell, Excavations at Saqqara 1907-1908 (1909), p. 26, pl. lxvi [1]."
46,42,Nikauhor,6,"Saqqara, NSP",22,"Wenis, 5","Wenis, 5",PM III. 498.
47,43,Ka-aper,6,"Saqqara, NSP",7,"Weserkaf, 5","Sahure, 5","Fischer, in JNES xviii (1959), pp. 235 [C], 237, 244-54, figs. 2, 8, pl. vi."
47,43,Ka-aper,6,"Saqqara, NSP",7,"Weserkaf, 5","Sahure, 5","Bárta, Abusir V (2001), pp. 156-7, 161, figs. 4.11, 4.13, pl. lv [a]."
48,44,Mereruka,7,"Saqqara, TPC",28,"Teti, 6","Teti, 6","Wreszinski, Atlas III (1936), pp. 9-10, Taf. 5."
48,44,Mereruka,7,"Saqqara, TPC",28,"Teti, 6","Teti, 6","Duell, Mereruka I (1938), pls. 77 [B], 94-5."
48,44,Mereruka,7,"Saqqara, TPC",28,"Teti, 6","Teti, 6","Kanawati, Mereruka III:1 (2010), pls. 52, 99."
48,44,Mereruka,7,"Saqqara, TPC",28,"Teti, 6","Teti, 6","Kanawati, Mereruka III:2 (2011), p. 24."
49,45,Kaiemsenu,7,"Saqqara, TPC",23,"Djedkare Izezy, 5","Teti, 6","Firth and Gunn, Teti Cemeteries (1926), I, p. 164 (text)."
49,45,Kaiemsenu,7,"Saqqara, TPC",23,"Djedkare Izezy, 5","Teti, 6","McFarlane, Mastabas at Saqqara (2003), p. 76."
50,46,Persen,8,"Saqqara, ESP",10,"Sahure, 5","Neferirkare, 5","Smith, HESPOK (1946), p. 187."
50,46,Persen,8,"Saqqara, ESP",10,"Sahure, 5","Neferirkare, 5",PM III. 577-8 n.r.
51,47,Khnumhotep,8,"Saqqara, ESP",11,"Sahure, 5","Niuserre, 5","Petrie and Murray, Seven Memphite Tomb Chapels (1952), pp. 16, 26, pl. xvii [9, 16]."
51,47,Khnumhotep,8,"Saqqara, ESP",11,"Sahure, 5","Niuserre, 5","Malek, in Soc. d'Ég. Genève 6 (1982), pp. 62-5, fig. 5.2."
52,48,Nenkheftka,8,"Saqqara, ESP",14,"Neferirkare, 5","Niuserre, 5","Borchardt, Cat.Caire I (1937), p. 231, Bl. 47 [CG 1533]."
52,48,Nenkheftka,8,"Saqqara, ESP",14,"Neferirkare, 5","Niuserre, 5",PM III. 580-1 [4].
53,49,Senenuankh,8,"Saqqara, ESP",11,"Sahure, 5","Niuserre, 5","Mariette, Mastabas de l'Ancien Empire (1889), p. 317 [bottom]."
53,49,Senenuankh,8,"Saqqara, ESP",11,"Sahure, 5","Niuserre, 5",PM III. 582 [6].
54,50,Neferirtenef,8,"Saqqara, ESP",21,"Djedkare Izezy, 5","Wenis, 5","van de Walle, Nefererirtenef (1978), p. 36, pl. 6."
54,50,Neferirtenef,8,"Saqqara, ESP",21,"Djedkare Izezy, 5","Wenis, 5",PM III. 584 [6].
55,51,Kednes,8,"Saqqara, ESP",23,"Djedkare Izezy, 5","Teti, 6","Mariette, Mastabas de l'Ancien Empire (1889), p. 404."
55,51,Kednes,8,"Saqqara, ESP",23,"Djedkare Izezy, 5","Teti, 6",PM III. 585.
56,52,Hetepherakhti,9,"Saqqara, WSP",17,"Niuserre, 5","Djedkare Izezy, 5","Mohr, Hetep-her-akhti (1943), p. 77, fig. 41, pl. iii [fig. 41 bis]."
56,52,Hetepherakhti,9,"Saqqara, WSP",17,"Niuserre, 5","Djedkare Izezy, 5",PM III. 594 [7].
57,53,Ptahhotep II,9,"Saqqara, WSP",22,"Wenis, 5","Wenis, 5","Paget and Pirie, Ptah-hetep (1896), p. 27, pl. xxxv [lower]."
57,53,Ptahhotep II,9,"Saqqara, WSP",22,"Wenis, 5","Wenis, 5","Davies, Ptahhetep and Akhethetep I (1900), p. 9, pl. xxx [lower]."
58,54,Ptahhotep,9,"Saqqara, WSP",25,"Wenis, 5","Teti, 6","Hassan, Excavations at Saqqara (Ny-ankh-Pepy) II (1975), pp. 94-5, figs. 36-7, pl. lxxvii [A]."
58,54,Ptahhotep,9,"Saqqara, WSP",25,"Wenis, 5","Teti, 6",PM III. 607 [4].
59,55,Merefnebef,9,"Saqqara, WSP",30,"Pepy I, 6","Pepy I, 6","Mysliwiec, The Tomb of Merefnebef (2004), pp. 112-13, pls. xix, xlix, lii [a, d, e]."
59,55,Merefnebef,9,"Saqqara, WSP",30,"Pepy I, 6","Pepy I, 6",PM III. n.r.
60,55,Merefnebef,9,"Saqqara, WSP",30,"Pepy I, 6","Pepy I, 6","Mysliwiec, The Tomb of Merefnebef (2004), pp. 155-7, pls. xxii, lxvii, lxviii, lxix [d, g], lxxi."
60,55,Merefnebef,9,"Saqqara, WSP",30,"Pepy I, 6","Pepy I, 6",PM III. n.r.
61,55,Merefnebef,9,"Saqqara, WSP",30,"Pepy I, 6","Pepy I, 6","Mysliwiec, The Tomb of Merefnebef (2004), pp. 173-4, pls. xxiii, lxxiv [a, h, i]."
61,55,Merefnebef,9,"Saqqara, WSP",30,"Pepy I, 6","Pepy I, 6",PM III. n.r.
62,56,Seshemnefer,10,"Saqqara, UPC",32,"Pepy I, 6","Pepy II, 6","Barsanti, in ASAÉ i (1900), pp. 154-5, fig. 9."
62,56,Seshemnefer,10,"Saqqara, UPC",32,"Pepy I, 6","Pepy II, 6",PM III. 614 [3].
63,57,Iynefert,10,"Saqqara, UPC",22,"Wenis, 5","Wenis, 5","Kanawati and Abder-Raziq, The Tombs of Iynefert and Ihy (2003), p. 19, pls. 8 [a], 37 [b]."
63,57,Iynefert,10,"Saqqara, UPC",22,"Wenis, 5","Wenis, 5",PM III. 616 [6].
64,58,Mehu,10,"Saqqara, UPC",31,"Pepy I, 6","Merenre, 6","Altenmüller, Mehu (1998), pp. 158-9, Taf. 48, 50, 51."
64,58,Mehu,10,"Saqqara, UPC",31,"Pepy I, 6","Merenre, 6",PM III. 621 [17].
65,59,Bia,10,"Saqqara, UPC",33,"Merenre, 6","Pepy II, 6","Fischer, in JARCE iv (1965), pl. xxix."
65,59,Bia,10,"Saqqara, UPC",33,"Merenre, 6","Pepy II, 6",PM III. 623.
66,60,Nebkauhor,10,"Saqqara, UPC",26,"Wenis, 5","Pepy II, 6","Hassan, Excavations at Saqqara (Neb-kau-Her) I (1975), pp. 17, 22-5, figs. 2-3, 6-7, pls. xi [A], xii [A, B], xiii [A]."
66,60,Nebkauhor,10,"Saqqara, UPC",26,"Wenis, 5","Pepy II, 6",PM III. 628 [7].
67,61,Kairer,10,"Saqqara, UPC",30,"Pepy I, 6","Pepy I, 6","Lauer, Saqqara. The Royal Cemetery of Memphis (1976), p. 77, pl. 69."
67,61,Kairer,10,"Saqqara, UPC",30,"Pepy I, 6","Pepy I, 6","Hickmann, 45 Siècles (1956), p. 9, pl. xv [B]."
68,62,Akhethetep,10,"Saqqara, UPC",17,"Niuserre, 5","Djedkare Izezy, 5","Ziegler, Le Mastaba d'Akhethetep (1993), pp. 86 (description), 158-9 (drawing), 155 (text)."
68,62,Akhethetep,10,"Saqqara, UPC",17,"Niuserre, 5","Djedkare Izezy, 5",PM III. 636-7 [5].
69,63,Nefer and Kahay,10,"Saqqara, UPC",15,"Niuserre, 5","Niuserre, 5","Moussa and Altenmüller, Nefer and Ka-hay (1971), pp. 31-2, pls. 26-7."
69,63,Nefer and Kahay,10,"Saqqara, UPC",15,"Niuserre, 5","Niuserre, 5","Lashien, The Chapel of Kahai (2013), p. 41, pls. 45[b], 46[b], 47[a, b], 48[b], 84."
70,64,Niankhkhnum and Khnumhotep,10,"Saqqara, UPC",16,"Niuserre, 5","Menkauhor, 5","Moussa and Altenmüller, Nianchchnum und Chnumhotep (1977), pp. 144-5, Taf. 68-9, Abb. 25."
70,64,Niankhkhnum and Khnumhotep,10,"Saqqara, UPC",16,"Niuserre, 5","Menkauhor, 5",PM III. 643 [20].
71,65,Irenkaptah,10,"Saqqara, UPC",18,"Niuserre, 5","Wenis, 5","Moussa and Junge, Two Tombs of Craftsmen (1975), p. 45, pl. 14."
72,66,Methethi,10,"Saqqara, UPC",30,"Pepy I, 6","Pepy I, 6",PM III. 644 [7].
72,66,Methethi,10,"Saqqara, UPC",30,"Pepy I, 6","Pepy I, 6","Ziegler, Catalogue des stèles, peintures et reliefs (1990), pp. 129-30, figs. on pp. 129, 138-9, 143."
72,66,Methethi,10,"Saqqara, UPC",30,"Pepy I, 6","Pepy I, 6",PM III. 646.
73,67,Nikaure,11,"Saqqara, Saq. unknown",14,"Neferirkare, 5","Niuserre, 5","Borchardt, Cat.Caire I (1937), p. 83, Bl. 19 [CG 1414]."
73,67,Nikaure,11,"Saqqara, Saq. unknown",14,"Neferirkare, 5","Niuserre, 5",PM III. 697.
74,68,Werirniptah,11,"Saqqara, Saq. unknown",13,"Neferirkare, 5","Neferefre, 5","Hall and Lambert, Hieroglyphic Texts VI (1922), p. 5, pl. vi."
74,68,Werirniptah,11,"Saqqara, Saq. unknown",13,"Neferirkare, 5","Neferefre, 5","James, Hieroglyphic Texts I [2] (1961), p. 30, pl. xxviii [718]."
75,69,Michaelidis Colln. (Harpist),11,"Saqqara, Saq. unknown",6,,,Grdseloff MSS.  1. 102.
75,69,Michaelidis Colln. (Harpist),11,"Saqqara, Saq. unknown",6,,,PM III. 761-2.
76,70,Schneider,11,"Saqqara, Saq. unknown",24,"Wenis, 5",,"Schneider, Horemheb II (1996), p. 84, pls. 89, 104 [OK 12]."
76,70,Schneider,11,"Saqqara, Saq. unknown",24,"Wenis, 5",,PM III. n.r.
77,70,Schneider,11,"Saqqara, Saq. unknown",24,"Wenis, 5",,"Schneider, Horemheb II (1996), p. 84, pls. 90, 105 [OK 15]."
77,70,Schneider,11,"Saqqara, Saq. unknown",24,"Wenis, 5",,PM III. n.r.
78,71,Van Leer Coll. 8*,11,"Saqqara, Saq. unknown",18,"Niuserre, 5","Wenis, 5","Janssen, in Egyptische Oudheden No. 12 (1957), p. 17 [8*], pl. iv."
78,71,Van Leer Coll. 8*,11,"Saqqara, Saq. unknown",18,"Niuserre, 5","Wenis, 5",PM III. 762.
79,72,In-snefru-ishtef,12,"Dahshur, ENPS",28,"Teti, 6","Teti, 6","de Morgan, Dahchour II (1903), pp. 4-7, pl. xxv."
79,72,In-snefru-ishtef,12,"Dahshur, ENPS",28,"Teti, 6","Teti, 6","Borchardt, Cat Caire II (1964), p. 200, Bl. 106 [CG 1778]."
80,73,Inti,13,,25,"Wenis, 5","Teti, 6","Petrie, Deshasheh (1898), p. 8, pl. xii."
80,73,Inti,13,,25,"Wenis, 5","Teti, 6","Kanawati and McFarlane, Deshasha (1993), p. 26, pls. 4 [b], 29."
81,73,Inti,13,,25,"Wenis, 5","Teti, 6","Kanawati and McFarlane, Deshasha (1993), p. 28, pls. 7 [lower], 32."
81,73,Inti,13,,25,"Wenis, 5","Teti, 6",PM IV. 122 [6] n.r.
82,74,Shedu,13,,29,"Teti, 6","Pepy I, 6","Kanawati and McFarlane, Deshasha (1993), p. 53, pl. 50 [b]."
82,74,Shedu,13,,29,"Teti, 6","Pepy I, 6",PM III. 122 n.r.
83,75,Khunes,14,,21,"Djedkare Izezy, 5","Wenis, 5","LD.  , II. 109."
83,75,Khunes,14,,21,"Djedkare Izezy, 5","Wenis, 5",PM IV. 134 [4].
84,76,Niankhpepi,14,,30,"Pepy I, 6","Pepy I, 6","Varille, Ni-Ankh-Pepi (1938), p. 21, pls. xiii [QR], xiv."
84,76,Niankhpepi,14,,30,"Pepy I, 6","Pepy I, 6",PM IV. 138 [7].
85,77,Serfka,15,,21,"Djedkare Izezy, 5","Wenis, 5","Davies, Sheikh Saïd (1901), p. 13, pl. iv."
85,77,Serfka,15,,21,"Djedkare Izezy, 5","Wenis, 5",PM IV. 188 [3].
86,78,Werirni,15,,20,"Djedkare Izezy, 5","Djedkare Izezy, 5","Davies, Sheikh Saïd (1901), p. 18, pl. x."
86,78,Werirni,15,,20,"Djedkare Izezy, 5","Djedkare Izezy, 5",PM IV. 189 [7-8].
87,79,Ibi,16,"Deir el-Gebrawi, Southern Cem.",34,"Pepy II, 6","Pepy II, 6","Davies, Deir el-Gebrâwi I (1902), pp. 14-16, pl. viii."
87,79,Ibi,16,"Deir el-Gebrawi, Southern Cem.",34,"Pepy II, 6","Pepy II, 6","Kanawati, Deir el-Gebrawi 2 (2007), pp 37-8, pl. 50, 70. "
87,79,Ibi,16,"Deir el-Gebrawi, Southern Cem.",34,"Pepy II, 6","Pepy II, 6",PM IV. 244 [7].
88,80,Hemre,17,"Deir el-Gebrawi, Northern Cem.",27,,,"Davies, Deir el-Gebrâwi II (1902), pp. 22-3, pl. xvii."
88,80,Hemre,17,"Deir el-Gebrawi, Northern Cem.",27,,,"Kanawati, Deir el-Gebrawi 1 (2005), pp. 48-49, pl. 62."
89,81,Pepyankh,18,"Meir, Cem. A",34,"Pepy II, 6","Pepy II, 6","Blackman and Apted, Meir V (1953), p. 27, pl. xix."
89,81,Pepyankh,18,"Meir, Cem. A",34,"Pepy II, 6","Pepy II, 6","Kanawati and Evans , Meir ll (2014), pp 26-7, pl. 73."
90,82,Pepi,19,"Meir, Cem. D",34,"Pepy II, 6","Pepy II, 6","Blackman and Apted, Meir V (1953), p. 58, pls. xlv, lxvi [3]."
90,82,Pepi,19,"Meir, Cem. D",34,"Pepy II, 6","Pepy II, 6",PM IV. 254 n.r.
91,83,Pepyankh-heri-ib,19,"Meir, Cem. D",34,"Pepy II, 6","Pepy II, 6","Blackman, Meir IV (1924), p. 31, pls. ix, x."
91,83,Pepyankh-heri-ib,19,"Meir, Cem. D",34,"Pepy II, 6","Pepy II, 6","Kanawati, Meir I (2012), p. 59, pls. 53, 56, 88, 89."
92,84,Kakhent and Iufi,20,,14,"Neferirkare, 5","Niuserre, 5","MacKay et al, Bahrein and Hemamieh (1929), p. 35, pl. xxviii."
92,84,Kakhent and Iufi,20,,14,"Neferirkare, 5","Niuserre, 5","El-Khouli and Kanawati, El-Hammamiya (1990), p. 38, pl. 40."
93,85,Kakhent and Khentkaues,20,,8,"Weserkaf, 5","Neferirkare, 5","MacKay et al, Bahrein and Hemamieh (1929), p. 33 [7], pl. xix [lower]."
93,85,Kakhent and Khentkaues,20,,8,"Weserkaf, 5","Neferirkare, 5","El-Khouli and Kanawati, El-Hammamiya (1990), p. 59, pl. 56 [a]."
94,86,Kahep,21,,34,"Pepy II, 6","Pepy II, 6","Kanawati, El-Hawawish I (1980), pp. 24-5, pls. 4, 7, fig. 12."
94,86,Kahep,21,,34,"Pepy II, 6","Pepy II, 6",PM V. 19 n.r.
95,87,Shepsipumin,21,,34,"Pepy II, 6","Pepy II, 6","Kanawati, El-Hawawish II (1981), p. 27, pls. 3, 7 [a], fig. 22."
95,87,Shepsipumin,21,,34,"Pepy II, 6","Pepy II, 6",PM V. n.r.
96,88,Hesimin,21,,23,"Djedkare Izezy, 5","Teti, 6","Kanawati, El-Hawawish IV (1983), p. 18, pls. 1, 3 [b], figs. 8-9."
96,88,Hesimin,21,,23,"Djedkare Izezy, 5","Teti, 6",PM V. n.r.
97,89,Theti-aa,21,,35,,,"Kanawati, El-Hawawish VIII (1988), p. 31, fig. 12 [a]."
97,89,Theti-aa,21,,35,,,PM V. n.r.
98,90,Ihy,22,,33,"Merenre, 6","Pepy II, 6","Saleh, Three Old-Kingdom Tombs at Thebes (1977), p. 26, figs. 60, 61, 62, 64 (detail), pl. 18."
98,90,Ihy,22,,33,"Merenre, 6","Pepy II, 6",PM I. 293 [3].
99,91,Unisankh,22,,34,"Pepy II, 6","Pepy II, 6","Saleh, Three Old-Kingdom Tombs at Thebes (1977), p. 14, figs. 6, 8 (detail), pl. 3."
99,91,Unisankh,22,,34,"Pepy II, 6","Pepy II, 6",PM I. n.r.
101,53,Ptahhotep II,9,"Saqqara, WSP",22,"Wenis, 5","Wenis, 5","Paget and Pirie, Ptah-hetep (1896), p. 27, pl. xxxv [lower]."
101,53,Ptahhotep II,9,"Saqqara, WSP",22,"Wenis, 5","Wenis, 5","Davies, Ptahhetep and Akhethetep I (1900), p. 9, pl. xxx [lower]."
